UserID,Name,email,Card Number,CVV
9910,Jacob,g.jones@randatmail.com,80176838225,376
7119,Miranda,t.ross@randatmail.com,14974299356,615
7292,Harold,g.brooks@randatmail.com,33543605861,407
2834,Deanna,k.dixon@randatmail.com,72033883721,930
3266,Adele,l.bennett@randatmail.com,7523643802,308
9443,Vincent,a.dixon@randatmail.com,6049859398,562
1113,Miley,g.turner@randatmail.com,50749239466,782
3176,Eddy,b.moore@randatmail.com,52527336051,323
2400,Alen,g.barnes@randatmail.com,40410370165,980
6945,Edwin,s.harrison@randatmail.com,84417766395,422
4580,Maya,h.grant@randatmail.com,88633829811,856
4280,Dainton,a.anderson@randatmail.com,25757735507,202
7905,Edward,m.harrison@randatmail.com,53786993016,211
2738,Jenna,a.alexander@randatmail.com,45998441265,365
5363,Vincent,e.robinson@randatmail.com,89298734142,536
2693,Hailey,c.adams@randatmail.com,58646994405,294
8846,Tyler,m.west@randatmail.com,58646994405,576
8025,Carina,a.cameron@randatmail.com,17448530279,155
2506,Anna,n.montgomery@randatmail.com,16085174677,857
6098,Adison,m.hunt@randatmail.com,47480616807,417
9778,Freddie,a.chapman@randatmail.com,52378950833,145
5580,Gianna,v.stewart@randatmail.com,5697739751,755
7125,Adrianna,j.craig@randatmail.com,68379910251,108
2915,Tara,t.edwards@randatmail.com,52746096528,867
8791,Paige,c.casey@randatmail.com,11381141759,913
6348,Harold,a.smith@randatmail.com,6906152170,306
5871,Jasmine,w.stewart@randatmail.com,67493853168,140
1682,Adrianna,l.campbell@randatmail.com,71646146546,876
7213,Charlie,k.gray@randatmail.com,41347723946,479
1954,Sawyer,a.rogers@randatmail.com,85131947903,244
9361,Adison,j.walker@randatmail.com,3029984020,768
3050,Briony,r.elliott@randatmail.com,62299669976,391
7689,Honey,k.johnson@randatmail.com,11371244848,356
7403,Arianna,l.perry@randatmail.com,62162429217,498
1398,Ellia,a.montgomery@randatmail.com,20652172894,443
1682,Walter,h.kelly@randatmail.com,48587009040,320
2411,Justin,v.andrews@randatmail.com,31016020753,410
2387,Frederick,h.wells@randatmail.com,28792797021,240
1530,Richard,i.bailey@randatmail.com,7909943787,475
3043,Jessica,a.spencer@randatmail.com,28025530819,826
3017,Tara,a.cameron@randatmail.com,75066738480,614
3807,Dainton,r.johnson@randatmail.com,69250461478,481
5261,Henry,r.gibson@randatmail.com,74732417282,313
8593,Sienna,b.armstrong@randatmail.com,84910694729,113
8462,Steven,m.hamilton@randatmail.com,67925292707,211
6087,Adam,t.morrison@randatmail.com,41291783232,364
5381,Adrianna,d.bailey@randatmail.com,36828954322,370
4497,Arianna,c.reed@randatmail.com,43810527022,568
9547,Elian,f.holmes@randatmail.com,47068947563,300
4169,Abigail,m.farrell@randatmail.com,51922942072,764
5940,Alfred,v.watson@randatmail.com,89610908216,110
5572,Sam,k.henderson@randatmail.com,82400547842,856
2840,Alford,a.perry@randatmail.com,54195971325,155
9688,Daryl,v.cooper@randatmail.com,8361552531,662
5140,Rebecca,a.ellis@randatmail.com,50553697469,341
6644,Ted,a.holmes@randatmail.com,42392378451,439
1289,Valeria,w.kelly@randatmail.com,75557821835,918
8218,Henry,a.kelly@randatmail.com,31969133594,840
9557,Emily,b.wright@randatmail.com,17239059381,864
1927,Andrew,t.gray@randatmail.com,26292678972,598
7840,Ryan,h.anderson@randatmail.com,75981468021,345
6829,Miley,a.barnes@randatmail.com,12462152517,616
7791,Nicholas,s.hawkins@randatmail.com,22525513119,490
4275,Walter,v.davis@randatmail.com,55533567479,206
3165,Tiana,s.allen@randatmail.com,67934080075,781
4520,Annabella,a.murphy@randatmail.com,81894445733,596
7509,Maya,a.chapman@randatmail.com,17753721721,386
7575,Carlos,j.higgins@randatmail.com,84116635901,177
9127,Cherry,a.richardson@randatmail.com,60290801093,607
7900,Dexter,s.baker@randatmail.com,44091420116,571
4750,Bruce,a.johnson@randatmail.com,19010882458,939
2854,Reid,k.kelly@randatmail.com,9215230675,554
6540,Elise,a.adams@randatmail.com,75642834313,263
2073,Michelle,s.payne@randatmail.com,87906413313,934
3992,Emily,c.davis@randatmail.com,73457454359,340
1194,Aldus,j.grant@randatmail.com,83557100222,698
8245,Sofia,a.holmes@randatmail.com,42689324926,699
2014,Natalie,j.lloyd@randatmail.com,70982440252,604
1289,Tess,w.hall@randatmail.com,5391991623,318
9397,Sophia,s.murphy@randatmail.com,77378366894,522
4122,Amanda,m.barrett@randatmail.com,3137174386,931
3728,Clark,c.west@randatmail.com,27047851186,179
7435,Jasmine,j.russell@randatmail.com,35027697181,756
5116,Miller,c.lloyd@randatmail.com,53390080967,888
9216,Brianna,c.warren@randatmail.com,72852822276,324
1116,Reid,t.anderson@randatmail.com,21829645978,118
2670,Alexander,g.stewart@randatmail.com,89696233447,953
6233,Edwin,p.payne@randatmail.com,46164550290,566
2724,Aldus,e.morrison@randatmail.com,88921321641,983
1457,Marcus,g.cunningham@randatmail.com,11342079900,813
2953,Mary,s.cameron@randatmail.com,17760959196,821
9665,Hailey,c.kelley@randatmail.com,63140286657,424
8154,Byron,m.mitchell@randatmail.com,71735528052,309
9077,Lana,p.cunningham@randatmail.com,18366765757,165
2751,Kelvin,h.hill@randatmail.com,66249717679,675
9692,Madaline,r.andrews@randatmail.com,67394308021,535
2652,Briony,k.evans@randatmail.com,29669875333,481
3963,Adele,f.evans@randatmail.com,14936720373,767
5388,Dominik,m.higgins@randatmail.com,83903235735,477
3733,Oliver,h.thomas@randatmail.com,25983292356,123
7281,Connie,s.nelson@randatmail.com,45571826022,755
3308,Catherine,c.hill@randatmail.com,13836963235,454
8695,Amanda,h.wilson@randatmail.com,63784016500,708
2296,Ryan,j.brooks@randatmail.com,4624033897,699
2877,Patrick,k.mitchell@randatmail.com,77679575398,332
4639,Sabrina,b.perkins@randatmail.com,75632581716,415
9094,Honey,a.riley@randatmail.com,81649935171,697
2705,Alissa,c.hill@randatmail.com,8927605300,851
5396,Paige,a.rogers@randatmail.com,11237059713,904
8706,Emily,r.wilson@randatmail.com,88347203792,144
9866,Mary,h.wilson@randatmail.com,19384216880,731
8843,Gianna,m.perry@randatmail.com,70790579520,114
1445,Haris,a.parker@randatmail.com,3395758018,878
5337,James,e.casey@randatmail.com,29020900119,394
2018,Walter,e.richards@randatmail.com,12628935490,334
6253,Chester,b.cameron@randatmail.com,28608853945,556
7987,Sam,a.dixon@randatmail.com,86088197622,741
4685,Stella,l.perkins@randatmail.com,75436779969,791
6005,Jenna,b.gibson@randatmail.com,43515427918,384
5453,Arianna,a.mason@randatmail.com,13655800404,369
5728,Florrie,i.brooks@randatmail.com,67327289095,651
1062,Alfred,c.alexander@randatmail.com,26592519364,757
7654,Lana,s.morrison@randatmail.com,54126624497,233
7256,Samantha,n.cole@randatmail.com,30991420203,381
6301,Adelaide,d.walker@randatmail.com,70218912849,436
1347,Aldus,a.casey@randatmail.com,79747216159,299
5684,Hailey,l.russell@randatmail.com,69280968869,806
7128,Aida,l.baker@randatmail.com,61135724609,839
1727,Emma,m.higgins@randatmail.com,88309004998,276
9708,Agata,o.bailey@randatmail.com,63054445236,275
4095,Mike,a.casey@randatmail.com,52704113853,861
4733,Emma,a.sullivan@randatmail.com,81310813486,622
3731,Lilianna,s.roberts@randatmail.com,29792765232,521
8697,Connie,d.anderson@randatmail.com,75718240555,518
5572,Olivia,e.mason@randatmail.com,66442676649,145
1338,Briony,e.bailey@randatmail.com,29080011996,494
8701,William,a.hill@randatmail.com,22752517304,987
3861,Stuart,h.warren@randatmail.com,77497326083,986
9655,Preston,i.davis@randatmail.com,16858652510,314
3976,Adelaide,o.harris@randatmail.com,37849166787,700
3879,William,v.thompson@randatmail.com,83076560549,681
4307,Sophia,n.williams@randatmail.com,47835773683,487
9179,Frederick,r.ellis@randatmail.com,20068417035,116
5916,Owen,c.dixon@randatmail.com,66183966778,248
8757,Eddy,d.ferguson@randatmail.com,42266271999,219
9365,Alexander,k.phillips@randatmail.com,72440163942,552
1779,Arianna,r.farrell@randatmail.com,11187063856,607
6866,Marcus,g.mitchell@randatmail.com,6629187377,394
8402,Freddie,e.russell@randatmail.com,85489815602,900
6636,Kelsey,s.spencer@randatmail.com,38695694036,383
1146,Byron,s.thomas@randatmail.com,58834140694,359
5163,Briony,e.harper@randatmail.com,27475269356,460
3917,Alina,r.alexander@randatmail.com,10756012441,209
3116,Ada,h.hamilton@randatmail.com,67363125051,328
7522,Annabella,c.kelly@randatmail.com,27489919120,522
8975,Thomas,a.martin@randatmail.com,17891672855,862
9079,Lyndon,p.carter@randatmail.com,25737727673,626
2308,Cherry,a.barnes@randatmail.com,84807418827,311
1670,Freddie,l.cunningham@randatmail.com,89682969441,595
2241,Alan,n.roberts@randatmail.com,78718017067,403
8356,Alina,f.adams@randatmail.com,23854267220,567
4154,Andrew,s.adams@randatmail.com,26745860829,574
7986,Lenny,j.spencer@randatmail.com,36419911392,262
5841,Myra,b.nelson@randatmail.com,44027977317,539
6627,Alexia,a.ellis@randatmail.com,78885547534,512
2594,Maximilian,c.douglas@randatmail.com,84675174265,184
2160,Lydia,a.murray@randatmail.com,78539676512,810
8763,Victor,r.ryan@randatmail.com,84817374401,520
3333,Amelia,a.montgomery@randatmail.com,26565579322,700
7635,Briony,c.myers@randatmail.com,37165596143,590
2609,Walter,a.douglas@randatmail.com,70483085430,922
4318,Carl,r.barnes@randatmail.com,18703191295,805
5421,Mary,j.hamilton@randatmail.com,29709105633,420
6204,Rafael,j.russell@randatmail.com,9607392045,399
1056,Adele,j.thomas@randatmail.com,9705974831,502
7004,Melanie,r.dixon@randatmail.com,34971906846,162
8647,Myra,a.clark@randatmail.com,72897941080,698
6854,Steven,k.stevens@randatmail.com,64311160365,641
8700,Deanna,a.miller@randatmail.com,53951446060,514
5893,Fiona,r.turner@randatmail.com,13899042682,820
3974,Vanessa,s.harris@randatmail.com,58858662368,129
4952,Edward,h.roberts@randatmail.com,17121809421,915
3018,Martin,k.douglas@randatmail.com,29372557810,184
7697,Carl,a.henderson@randatmail.com,53043089075,512
5188,Adam,e.warren@randatmail.com,32637911607,511
7812,Sydney,k.hamilton@randatmail.com,72326826800,997
4881,Audrey,j.howard@randatmail.com,42099150756,743
3866,Edward,k.higgins@randatmail.com,65082977397,396
4020,Adam,m.casey@randatmail.com,24207544461,803
2852,Edwin,k.hamilton@randatmail.com,83867580274,833
4657,Julian,d.brooks@randatmail.com,41675421737,664
9945,Clark,s.armstrong@randatmail.com,17465389312,382
1311,Tess,l.mason@randatmail.com,67051289656,178
2286,Ned,a.hamilton@randatmail.com,23269472396,339
4789,Ted,a.russell@randatmail.com,49442733822,670
8370,Aston,j.jones@randatmail.com,87667970850,173
2645,Paige,r.stewart@randatmail.com,77252340379,868
1310,Sawyer,a.montgomery@randatmail.com,43923297261,546
9652,Daniel,t.kelley@randatmail.com,4502040543,415
6381,Reid,f.scott@randatmail.com,80643045882,616
9879,Dixon,m.hunt@randatmail.com,21968178068,607
3343,Mason,m.davis@randatmail.com,66607767359,769
5039,Henderson,a.cole@randatmail.com,11389102366,650
5975,Myers,b.murphy@randatmail.com,65569966739,656
2377,Howard,v.douglas@randatmail.com,44787469841,278
8892,Miller,p.west@randatmail.com,49503257899,893
7983,Edwards,a.sullivan@randatmail.com,59664805155,483
4725,Harrison,f.holmes@randatmail.com,37203326981,488
7866,Richardson,m.hunt@randatmail.com,47727641088,329
2728,Morgan,c.grant@randatmail.com,3414229314,359
6256,Baker,o.watson@randatmail.com,64048508204,735
5374,Wells,a.hamilton@randatmail.com,48311280524,838
2231,Morris,r.douglas@randatmail.com,29008821088,614
4157,Williams,a.bennett@randatmail.com,88645595531,625
9744,Clark,d.wilson@randatmail.com,37943620762,924
4741,Johnson,b.higgins@randatmail.com,60034347118,620
4769,Stewart,e.hill@randatmail.com,83235196906,918
3213,Nelson,e.davis@randatmail.com,72668380518,216
5227,Lloyd,p.fowler@randatmail.com,38399981628,369
8921,Jones,a.barnes@randatmail.com,88801062698,452
7308,Ryan,v.nelson@randatmail.com,79306629031,874
2466,Ellis,a.mason@randatmail.com,34194794771,109
6980,Cole,c.cooper@randatmail.com,16629706747,548
4959,Morrison,s.hunt@randatmail.com,31761354638,942
3593,Reed,b.miller@randatmail.com,51953017425,418
8621,Higgins,i.robinson@randatmail.com,32092389865,603
4995,Owens,f.carter@randatmail.com,47587272929,528
8456,Turner,d.carter@randatmail.com,78573937593,284
7761,Morrison,m.roberts@randatmail.com,25351192789,385
2342,Taylor,v.wilson@randatmail.com,75232554825,354
9453,Campbell,h.cole@randatmail.com,66054749874,456
3621,Allen,s.edwards@randatmail.com,80299116025,622
7063,Edwards,o.thompson@randatmail.com,88312615681,357
9505,Morgan,s.perkins@randatmail.com,67787819480,962
7305,Chapman,e.ross@randatmail.com,39400646832,558
4341,Howard,r.chapman@randatmail.com,42118113254,705
9646,Morris,j.wells@randatmail.com,12938251502,397
8159,Walker,d.dixon@randatmail.com,15920078245,141
6186,Morgan,s.armstrong@randatmail.com,6438320040,261
9928,Tucker,m.lloyd@randatmail.com,59621196788,337
3948,Hill,r.carroll@randatmail.com,55613499167,520
3971,Hall,m.farrell@randatmail.com,80362718336,575
9803,Douglas,e.spencer@randatmail.com,12739740407,544
5985,Carroll,c.harris@randatmail.com,49516470973,910
8103,Mitchell,e.hill@randatmail.com,55863641680,561
8257,Harrison,r.payne@randatmail.com,65391174312,990
5331,Ross,m.douglas@randatmail.com,31379298409,926
8595,Phillips,m.smith@randatmail.com,79772313033,267
9840,Higgins,g.crawford@randatmail.com,8472233339,745
1825,Spencer,a.carroll@randatmail.com,68700966692,844
3474,Russell,h.morrison@randatmail.com,55620031298,616
1017,Montgomery,c.brooks@randatmail.com,52701286341,723
9832,Hall,a.johnston@randatmail.com,89810692200,523
8590,Rogers,h.martin@randatmail.com,20014264783,632
3244,Clark,m.miller@randatmail.com,45937727524,296
7279,Brown,f.phillips@randatmail.com,75970520451,109
2832,Ross,m.brown@randatmail.com,33845981557,228
1545,Cunningham,o.jones@randatmail.com,16855514990,765
9102,Ferguson,c.johnson@randatmail.com,85803584613,690
6044,Adams,d.jones@randatmail.com,85797243351,833
4008,Alexander,t.higgins@randatmail.com,63672320497,731
5999,Edwards,a.cole@randatmail.com,29649945921,469
3791,Robinson,r.cole@randatmail.com,32825957751,403
1620,Johnson,n.reed@randatmail.com,8007970818,276
6526,Allen,b.jones@randatmail.com,37199421079,226
1844,Taylor,m.harper@randatmail.com,30946348397,465
7400,Turner,a.howard@randatmail.com,76456225410,958
2155,Hawkins,r.cunningham@randatmail.com,69242487248,381
9832,Harris,m.harris@randatmail.com,55431293410,833
2707,Gibson,a.wells@randatmail.com,44393199701,353
8734,Stevens,o.bailey@randatmail.com,45033143968,262
6472,Reed,m.dixon@randatmail.com,50865432005,811
7786,Adams,f.kelly@randatmail.com,8341982923,826
3449,Grant,c.chapman@randatmail.com,76894544690,412
9507,Warren,a.barnes@randatmail.com,47574475517,606
3992,Crawford,d.russell@randatmail.com,13642518610,329
8553,Crawford,t.sullivan@randatmail.com,35285108410,869
8236,Warren,t.brown@randatmail.com,78777109565,209
9592,Johnston,a.stevens@randatmail.com,51866205676,615
8178,Perry,k.mitchell@randatmail.com,6895452072,508
9526,Stevens,w.anderson@randatmail.com,44957851701,274
4038,Perry,e.henderson@randatmail.com,61571035852,757
9438,Johnston,t.baker@randatmail.com,35497180254,569
8208,Mason,m.thomas@randatmail.com,89613500034,668
2161,Mitchell,c.wells@randatmail.com,68691463940,339
9934,Williams,b.foster@randatmail.com,23649331779,215
6614,Miller,l.bailey@randatmail.com,83673579775,730
6049,Parker,w.jones@randatmail.com,19365941729,298
9014,Warren,s.owens@randatmail.com,68825827918,904
5183,Brown,c.walker@randatmail.com,5238417972,870
3248,Russell,a.reed@randatmail.com,21085484639,660
1423,Parker,n.campbell@randatmail.com,61220529028,195
8875,Morris,e.hamilton@randatmail.com,38650852841,462
5554,Howard,h.robinson@randatmail.com,81445540129,995
3479,Williams,m.gray@randatmail.com,24901827658,260
8734,Montgomery,s.parker@randatmail.com,56891736858,397
4800,Sullivan,a.farrell@randatmail.com,51705822336,627
2809,Wright,e.moore@randatmail.com,50235977230,787
8949,Williams,a.riley@randatmail.com,80223871399,864
